item,system_volts,max_amp_draw,circuit_breaker,group_size,amp_hours,note,source_name,source_url,accessed
30 lb,12,30,50 A @ 12 VDC,,,"Max amp draw is intermittent, not a continuous load rating (Minn Kota)",Minn Kota battery & wiring charts (Rev. 8.17.2021),https://minnkota.johnsonoutdoors.com/sites/default/files/2023-01/min_productmanual_tm-battery-charts.pdf,2026-10-10
40 lb / 45 lb,12,42,50 A @ 12 VDC,,,"Max amp draw is intermittent, not a continuous load rating (Minn Kota)",Minn Kota battery & wiring charts (Rev. 8.17.2021),https://minnkota.johnsonoutdoors.com/sites/default/files/2023-01/min_productmanual_tm-battery-charts.pdf,2026-10-10
50 lb / 55 lb,12,50,60 A @ 12 VDC,,,"Max amp draw is intermittent, not a continuous load rating (Minn Kota)",Minn Kota battery & wiring charts (Rev. 8.17.2021),https://minnkota.johnsonoutdoors.com/sites/default/files/2023-01/min_productmanual_tm-battery-charts.pdf,2026-10-10
70 lb,24,42,50 A @ 24 VDC,,,"Max amp draw is intermittent, not a continuous load rating (Minn Kota)",Minn Kota battery & wiring charts (Rev. 8.17.2021),https://minnkota.johnsonoutdoors.com/sites/default/files/2023-01/min_productmanual_tm-battery-charts.pdf,2026-10-10
80 lb,24,56,60 A @ 24 VDC,,,"Max amp draw is intermittent, not a continuous load rating (Minn Kota)",Minn Kota battery & wiring charts (Rev. 8.17.2021),https://minnkota.johnsonoutdoors.com/sites/default/files/2023-01/min_productmanual_tm-battery-charts.pdf,2026-10-10
101 lb,36,46,50 A @ 36 VDC,,,"Max amp draw is intermittent, not a continuous load rating (Minn Kota)",Minn Kota battery & wiring charts (Rev. 8.17.2021),https://minnkota.johnsonoutdoors.com/sites/default/files/2023-01/min_productmanual_tm-battery-charts.pdf,2026-10-10
Engine Mount 101,36,50,60 A @ 36 VDC,,,"Max amp draw is intermittent, not a continuous load rating (Minn Kota)",Minn Kota battery & wiring charts (Rev. 8.17.2021),https://minnkota.johnsonoutdoors.com/sites/default/files/2023-01/min_productmanual_tm-battery-charts.pdf,2026-10-10
112 lb,36,52,60 A @ 36 VDC,,,"Max amp draw is intermittent, not a continuous load rating (Minn Kota)",Minn Kota battery & wiring charts (Rev. 8.17.2021),https://minnkota.johnsonoutdoors.com/sites/default/files/2023-01/min_productmanual_tm-battery-charts.pdf,2026-10-10
Engine Mount 160,24,116,(2) x 60 A @ 24 VDC,,,"Max amp draw is intermittent, not a continuous load rating (Minn Kota)",Minn Kota battery & wiring charts (Rev. 8.17.2021),https://minnkota.johnsonoutdoors.com/sites/default/files/2023-01/min_productmanual_tm-battery-charts.pdf,2026-10-10
E-Drive,48,40,50 A @ 48 VDC,,,"Max amp draw is intermittent, not a continuous load rating (Minn Kota)",Minn Kota battery & wiring charts (Rev. 8.17.2021),https://minnkota.johnsonoutdoors.com/sites/default/files/2023-01/min_productmanual_tm-battery-charts.pdf,2026-10-10
Recommended 12 V deep-cycle battery: Good run-time,12,,,24,70-85,"Minn Kota: deep-cycle marine battery, at least 110 Ah for best results",Minn Kota battery & wiring charts (Rev. 8.17.2021),https://minnkota.johnsonoutdoors.com/sites/default/files/2023-01/min_productmanual_tm-battery-charts.pdf,2026-10-10
Recommended 12 V deep-cycle battery: Better run-time,12,,,27,85-110,"Minn Kota: deep-cycle marine battery, at least 110 Ah for best results",Minn Kota battery & wiring charts (Rev. 8.17.2021),https://minnkota.johnsonoutdoors.com/sites/default/files/2023-01/min_productmanual_tm-battery-charts.pdf,2026-10-10
Recommended 12 V deep-cycle battery: Best run-time,12,,,31,95-125,"Minn Kota: deep-cycle marine battery, at least 110 Ah for best results",Minn Kota battery & wiring charts (Rev. 8.17.2021),https://minnkota.johnsonoutdoors.com/sites/default/files/2023-01/min_productmanual_tm-battery-charts.pdf,2026-10-10
